feature,psi,psi_flag,ks_stat,ks_pvalue
V8,0.00130048366383568,None,0.007589464038158744,0.17135755897325122
V5,0.0009643983945351493,None,0.007072534599027236,0.23642756118546526
V2,0.0008675031911034986,None,0.008928781221363313,0.06681123772294018
V9,0.0008602777594331485,None,0.009304729904368036,0.04989354427210424
V16,0.0008499632436508658,None,0.013651636551610724,0.0007116051983845103
Amount_scaled,0.0006971993051517451,None,0.009022768392114522,0.062178305551957025
V14,0.0006502566914150757,None,0.005568739867008232,0.5223601425446018
V11,0.0006068127934243784,None,0.010103620855753226,0.025776214559535937
V15,0.0005580504370178604,None,0.006579101952583488,0.3143137955328006
V19,0.0005506338823863772,None,0.006438121196456703,0.3395254823668281
V1,0.0005427747700658801,None,0.0071900185624662605,0.22020715729851836
V26,0.0005403536479060144,None,0.007072534599027236,0.23642756118546526
V24,0.0005153476803593194,None,0.006532108367207967,0.32257103460145387
Time_scaled,0.0005148560517896762,None,0.005380765525505815,0.5669681643747404
V4,0.000441911222309184,None,0.004675861744871779,0.7389285498416146
V27,0.00036921247783983904,None,0.006367630818393311,0.3526246300382001
V6,0.0003444399259628389,None,0.006203153269578654,0.38445085724280736
V17,0.00033990229073601675,None,0.007800935172349033,0.14920285513962872
V28,0.00032405216485181966,None,0.0045583777814328375,0.7666702858667028
V21,0.0003220171476490105,None,0.004487887403369438,0.7829494435735559
V10,0.0003162706576634644,None,0.004863836086374307,0.6934259125991127
V22,0.00028633473256824745,None,0.003994454756925725,0.8849357495011193
V13,0.0002863332030215274,None,0.006414624403768943,0.3438554790221867
V25,0.0002731253682140516,None,0.005286778354754551,0.5896986035985023
V7,0.0002494413076531306,None,0.006109166098827501,0.4034141796386236
V3,0.00023389643503125195,None,0.004440893817993841,0.7936205370656966
V18,0.00021862364444768061,None,0.005427759110881364,0.5556988785154842
V12,0.00021208433516933431,None,0.003970957964237964,0.8891138809196684
V20,0.0001670770331320847,None,0.005944688550012844,0.43790589927932744
V23,0.0001246104000246365,None,0.0031485702201650145,0.9838320741513257
