feature,mean_abs_shap
V14,4.039728473363475
V12,1.5841559859725818
V10,1.577756349662926
V4,1.5003109312970002
V11,0.8156511376654464
V3,0.695678372109621
V1,0.30635624569434283
V19,0.2637964547437124
V16,0.2551530191733805
V6,0.25446177598122205
V24,0.21152716827920523
V27,0.21085304706409466
V5,0.21067842636075423
V26,0.2106532944561012
Amount_scaled,0.20699311657634065
V15,0.20637473893612882
V8,0.20582161872858803
V17,0.1868987832779242
V7,0.1814222731926241
V18,0.17592166941962062
V23,0.1724288995144415
V13,0.15223471276239584
V2,0.14882875337675824
V22,0.1438108816202284
V21,0.1407316325195132
V28,0.1388108257788561
V9,0.13533444775861378
V25,0.12510538755709738
Time_scaled,0.10935143273844858
V20,0.08437068660331463
